{
    "Gryffindor": [
        -0.6114712965070576,
        -0.03498388063640384,
        -0.5809729849484812,
        -0.2031165385718071,
        0.18546787799639983,
        -0.14024406929019492,
        0.5387584991254181,
        -0.6874373814032666,
        -0.751015992333984,
        -0.2389459483751284,
        -0.04778671986963507,
        -0.35424973197161247,
        0.6697416856195991,
        0.04240314717848558
    ],
    "Hufflepuff": [
        -0.4086967055094537,
        0.026044910898093906,
        0.7203868508129657,
        -0.9471653094025961,
        0.49653592548222947,
        -0.5281433764984963,
        -0.8214407419504078,
        0.4246749974188464,
        0.38374902280318746,
        -0.31374604588525257,
        0.009503003650021434,
        -0.1259061601230135,
        -0.22701993547148233,
        0.010261275379519957
    ],
    "Ravenclaw": [
        -0.4496607499751478,
        0.05767747328366963,
        0.3041948942625593,
        0.6362153914054092,
        0.21327842033348235,
        0.8830019474568153,
        0.6963462666629375,
        0.0765824761042569,
        0.1127192221845214,
        0.09510800679529294,
        0.013557597259775064,
        0.7544801600914899,
        -0.025936454603135466,
        -0.06306912466644711
    ],
    "Slytherin": [
        -0.8605405313998095,
        0.006857615666272632,
        -0.6532717933112481,
        0.6062626807804788,
        -1.0330067409932926,
        -0.2124407349760103,
        -0.3188794508147645,
        0.03659868393418811,
        0.14604902871080322,
        0.46549753792255366,
        -0.006008973606959348,
        -0.381236788563348,
        -0.349487372957082,
        0.01570003642013512
    ]
}