{
    "Gryffindor": [
        -5.889777318966347e-21,
        1.6491376493105774e-19,
        2.3559109275865393e-19,
        2.141523033176164e-17,
        -1.2957510101725965e-19,
        4.0050485768971165e-19,
        6.125368411725002e-19
    ],
    "Hufflepuff": [
        -5.889777318966347e-21,
        1.6491376493105774e-19,
        2.3559109275865393e-19,
        2.141523033176164e-17,
        -1.2957510101725965e-19,
        4.0050485768971165e-19,
        6.125368411725002e-19
    ],
    "Ravenclaw": [
        -5.889777318966347e-21,
        1.6491376493105774e-19,
        2.3559109275865393e-19,
        2.141523033176164e-17,
        -1.2957510101725965e-19,
        4.0050485768971165e-19,
        6.125368411725002e-19
    ],
    "Slytherin": [
        5.889777318966347e-21,
        -1.6491376493105774e-19,
        -2.3559109275865393e-19,
        -2.141523033176164e-17,
        1.2957510101725965e-19,
        -4.0050485768971165e-19,
        -6.125368411725002e-19
    ]
}