{
    "Gryffindor": [
        -0.6114712965070576,
        -0.03498388063640386,
        -0.5809729849484813,
        -0.20311653857180711,
        0.18546787799639983,
        -0.14024406929019495,
        0.538758499125418,
        -0.6874373814032664,
        -0.7510159923339839,
        -0.2389459483751284,
        -0.04778671986963507,
        -0.3542497319716123,
        0.6697416856195991,
        0.04240314717848559
    ],
    "Hufflepuff": [
        -0.40869670550945375,
        0.026044910898093916,
        0.7203868508129658,
        -0.9471653094025961,
        0.49653592548222947,
        -0.5281433764984964,
        -0.8214407419504077,
        0.4246749974188464,
        0.3837490228031874,
        -0.3137460458852525,
        0.009503003650021418,
        -0.12590616012301342,
        -0.2270199354714824,
        0.010261275379519963
    ],
    "Ravenclaw": [
        -0.4496607499751477,
        0.05767747328366966,
        0.30419489426255925,
        0.6362153914054092,
        0.21327842033348232,
        0.883001947456815,
        0.6963462666629375,
        0.07658247610425686,
        0.11271922218452139,
        0.09510800679529297,
        0.013557597259775078,
        0.7544801600914901,
        -0.02593645460313544,
        -0.06306912466644708
    ],
    "Slytherin": [
        -0.8605405313998095,
        0.0068576156662726135,
        -0.6532717933112482,
        0.606262680780479,
        -1.0330067409932926,
        -0.21244073497601035,
        -0.31887945081476454,
        0.03659868393418804,
        0.14604902871080322,
        0.4654975379225536,
        -0.00600897360695936,
        -0.3812367885633477,
        -0.349487372957082,
        0.015700036420135115
    ]
}